exchangeAddress,exchangeName,Chain
0x1ccbdff6336b1027995a27a77b41fa87eb6608a3,,Ethereum
0xbb3fd383d1c5540e52ef0a7bcb9433375793aeaf,,Ethereum
0x4dc98c79a52968a6c20ce9a7a08d5e8d1c2d5605,,Ethereum
0x05f51aab068caa6ab7eeb672f88c180f67f17ec7,ABCC,Ethereum
0x2ddd202174a72514ed522e77972b461b03155525,Alcumex Exchange,Ethereum
0xaecbe94703df39b49ac440feb177c7f1f782c064,APROBIT,Ethereum
0xf0c80fb9fb22bef8269cb6feb9a51130288a671f,Artis Turba Exchange 1,Ethereum
0x94597850916a49b3b152ee374e97260b99249f5b,Artis Turba Exchange 2,Ethereum
0x82a403c14483931b2ff6e4440c8373ccfee698b8,ArzPaya.com,Ethereum
0x03bdf69b1322d623836afbd27679a1c0afa067e9,AscendEX 1,Ethereum
0x4b1a99467a284cc690e3237bc69105956816f762,AscendEX 2,Ethereum
0x986a2fca9eda0e06fbf7839b89bfc006ee2a23dd,AscendEX 3,Ethereum
0x4df5f3610e2471095a130d7d934d551f3dde01ed,ATAIX,Ethereum
0x92dbd8e0a46edd62aa42d1f7902d0e496bddc15a,Azbit,Ethereum
0xadb72986ead16bdbc99208086bd431c1aa38938e,Beaxy,Ethereum
0x258b7b9a1ba92f47f5f4f5e733293477620a82cb,Beldex,Ethereum
0x7a10ec7d68a048bdae36a70e93532d31423170fa,Bgogo 1,Ethereum
0xce1bf8e51f8b39e51c6184e059786d1c0eaf360f,Bgogo 2,Ethereum
0xf73c3c65bde10bf26c2e1763104e609a41702efe,Bibox,Ethereum
0x0bb5de248dbbd31ee6c402c3c4a70293024acf74,Bidesk 2,Ethereum
0xed5cdb0d02152046e6f234ad578613831b9184d4,Bidesk 3,Ethereum
0xa30d8157911ef23c46c0eb71889efe6a648a41f7,BigONE,Ethereum
0x6eff3372fa352b239bb24ff91b423a572347000d,BIKI.com,Ethereum
0xf7793d27a1b76cdf14db7c83e82c772cf7c92910,Bilaxy 1,Ethereum
0xcce8d59affdd93be338fc77fa0a298c2cb65da59,Bilaxy 2,Ethereum
0x3f5ce5fbfe3e9af3971dd833d26ba9b5c936f0be,Binance,Ethereum
0x85b931a32a0725be14285b66f1a22178c672d69b,Binance 10,Ethereum
0x708396f17127c42383e3b9014072679b2f60b82f,Binance 11,Ethereum
0xe0f0cfde7ee664943906f17f7f14342e76a5cec7,Binance 12,Ethereum
0x8f22f2063d253846b53609231ed80fa571bc0c8f,Binance 13,Ethereum
0x28c6c06298d514db089934071355e5743bf21d60,Binance 14,Ethereum
0x21a31ee1afc51d94c2efccaa2092ad1028285549,Binance 15,Ethereum
0xdfd5293d8e347dfe59e90efd55b2956a1343963d,Binance 16,Ethereum
0x56eddb7aa87536c09ccc2793473599fd21a8b17f,Binance 17,Ethereum
0x9696f59e4d72e237be84ffd425dcad154bf96976,Binance 18,Ethereum
0x4d9ff50ef4da947364bb9650892b2554e7be5e2b,Binance 19,Ethereum
0xd551234ae421e3bcba99a0da6d736074f22192ff,Binance 2,Ethereum
0x4976a4a02f38326660d17bf34b431dc6e2eb2327,Binance 20,Ethereum
0xd88b55467f58af508dbfdc597e8ebd2ad2de49b3,Binance 21,Ethereum
0x7dfe9a368b6cf0c0309b763bb8d16da326e8f46e,Binance 22,Ethereum
0x345d8e3a1f62ee6b1d483890976fd66168e390f2,Binance 23,Ethereum
0xc3c8e0a39769e2308869f7461364ca48155d1d9e,Binance 24,Ethereum
0x2e581a5ae722207aa59acd3939771e7c7052dd3d,Binance 25,Ethereum
0x44592b81c05b4c35efb8424eb9d62538b949ebbf,Binance 26,Ethereum
0xd5fd1bc99d5801278345e9d29be2225d06c26e93,Binance 27,Ethereum
0x06a0048079ec6571cd1b537418869cde6191d42d,Binance 29,Ethereum
0x564286362092d8e7936f0549571a803b203aaced,Binance 3,Ethereum
0x892e9e24aea3f27f4c6e9360e312cce93cc98ebe,Binance 30,Ethereum
0x00799bbc833d5b168f0410312d2a8fd9e0e3079c,Binance 31,Ethereum
0x141fef8cd8397a390afe94846c8bd6f4ab981c48,Binance 32,Ethereum
0x50d669f43b484166680ecc3670e4766cdb0945ce,Binance 33,Ethereum
0x2f7e209e0f5f645c7612d7610193fe268f118b28,Binance 34,Ethereum
0x0681d8db095565fe8a346fa0277bffde9c0edbbf,Binance 4,Ethereum
0xfe9e8709d3215310075d67e3ed32a380ccf451c8,Binance 5,Ethereum
0x4e9ce36e442e55ecd9025b9a6e0d88485d628a67,Binance 6,Ethereum
0xbe0eb53f46cd790cd13851d5eff43d12404d33e8,Binance 7,Ethereum
0xf977814e90da44bfa03b6295a0616a897441acec,Binance 8,Ethereum
0x001866ae5b3de6caa5a51543fd9fb64f524f5478,Binance 9,Ethereum
0xab83d182f3485cf1d6ccdd34c7cfef95b4c08da4,Binance JEX,Ethereum
0x47ac0fb4f2d84898e4d9e7b4dab3c24507a6d503,Binance: Binance-Peg Tokens,Ethereum
0x4b729cf402cfcffd057e254924b32241aedc1795,Bit-Z,Ethereum
0x7c49e1c0e33f3efb57d64b7690fa287c8d15b90a,,Ethereum
0x0d8824ca76e627e9cc8227faa3b3993986ce9e48,BitBase 1,Ethereum
0x6dcd15a0dbefd0700063a4445382d3506391a41a,BitBase 2,Ethereum
0x2b49ce21ad2004cfb3d0b51b2e8ec0406d632513,Bitbee,Ethereum
0x5d375281582791a38e0348915fa9cbc6139e9c2a,BitBlinx,Ethereum
0x7a91a362d4f2c9c4627688d5b7090bbb12e5715f,Bitci,Ethereum
0x28ebe764b8f9a853509840645216d3c2c0fd774b,BiteBTC,Ethereum
0x7217d64f77041ce320c356d1a2185bcb89798a0a,Bitexlive,Ethereum
0x57a47cfe647306a406118b6cf36459a1756823d0,Bitexlive 2,Ethereum
0x1151314c646ce4e0efd76d1af4760ae66a9fe30f,Bitfinex 1,Ethereum
0x36a85757645e8e8aec062a1dee289c7d615901ca,Bitfinex 10,Ethereum
0xc56fefd1028b0534bfadcdb580d3519b5586246e,Bitfinex 11,Ethereum
0x0b73f67a49273fc4b9a65dbd25d7d0918e734e63,Bitfinex 12,Ethereum
0x482f02e8bc15b5eabc52c6497b425b3ca3c821e8,Bitfinex 13,Ethereum
0x742d35cc6634c0532925a3b844bc454e4438f44e,Bitfinex 2,Ethereum
0x876eabf441b2ee5b5b0554fd502a8e0600950cfa,Bitfinex 3,Ethereum
0xdcd0272462140d0a3ced6c4bf970c7641f08cd2c,Bitfinex 4,Ethereum
0x4fdd5eb2fb260149a3903859043e962ab89d8ed4,Bitfinex 5,Ethereum
0x1b29dd8ff0eb3240238bf97cafd6edea05d5ba82,Bitfinex 6,Ethereum
0x30a2ebf10f34c6c4874b0bdd5740690fd2f3b70c,Bitfinex 7,Ethereum
0x3f7e77b627676763997344a1ad71acb765fc8ac5,Bitfinex 8,Ethereum
0x59448fe20378357f206880c58068f095ae63d5a5,Bitfinex 9,Ethereum
0xab7c74abc0c4d48d1bdad5dcb26153fc8780f83e,Bitfinex: MultiSig 1,Ethereum
0xc6cde7c39eb2f0f0095f41570af89efc2c1ea828,Bitfinex: MultiSig 2,Ethereum
0xc61b9bb3a7a0767e3179713f3a5c7a9aedce193c,Bitfinex: MultiSig 3,Ethereum
0x111cff45948819988857bbf1966a0399e0d1141e,bitFlyer,Ethereum
0xdf5021a4c1401f1125cd347e394d977630e17cf7,BITFRONT,Ethereum
0x88d34944cf554e9cccf4a24292d891f620e9c94f,Bithumb 1,Ethereum
0x186549a4ae594fc1f70ba4cffdac714b405be3f9,Bithumb 10,Ethereum
0xd273bd546b11bd60214a2f9d71f22a088aafe31b,Bithumb 11,Ethereum
0x558553d54183a8542f7832742e7b4ba9c33aa1e6,Bithumb 12,Ethereum
0x3052cd6bf951449a984fe4b5a38b46aef9455c8e,Bithumb 2,Ethereum
0x2140efd7ba31169c69dfff6cdc66c542f0211825,Bithumb 3,Ethereum
0xa0ff1e0f30b5dda2dc01e7e828290bc72b71e57d,Bithumb 4,Ethereum
0xc1da8f69e4881efe341600620268934ef01a3e63,Bithumb 5,Ethereum
0xb4460b75254ce0563bb68ec219208344c7ea838c,Bithumb 6,Ethereum
0x15878e87c685f866edfaf454be6dc06fa517b35b,Bithumb 7,Ethereum
0x31d03f07178bcd74f9099afebd23b0ae30184ab5,Bithumb 8,Ethereum
0xed48dc0628789c2956b1e41726d062a86ec45bff,Bithumb 9,Ethereum
0x3fbe1f8fc5ddb27d428aa60f661eaaab0d2000ce,Bithumb: Contract 1,Ethereum
0x603d022611bfe6a101dcdab207d96c527f1d4d8e,BitKeep: NFT Exchange,Ethereum
0xdb044b8298e04d442fdbe5ce01b8cc8f77130e33,Bitkub Hot Wallet 1,Ethereum
0xe79eef9b9388a4ff70ed7ec5bccd5b928ebb8bd1,BitMart,Ethereum
0x68b22215ff74e3606bd5e6c1de8c2d68180c85f7,BitMart 2,Ethereum
0xeea81c4416d71cef071224611359f6f99a4c4294,BitMEX 1,Ethereum
0xfb8131c260749c7835a08ccbdb64728de432858e,BitMEX 2,Ethereum
0x6cc8dcbca746a6e4fdefb98e1d0df903b107fd21,Bitrue,Ethereum
0x00bdb5699745f5b860228c8f939abf1b9ae374ed,Bitstamp 1,Ethereum
0x1522900b6dafac587d499a862861c0869be6e428,Bitstamp 2,Ethereum
0x9a9bed3eb03e386d66f8a29dc67dc29bbb1ccb72,Bitstamp 3,Ethereum
0x059799f2261d37b829c2850cee67b5b975432271,Bitstamp 4,Ethereum
0x4c766def136f59f6494f0969b1355882080cf8e0,Bitstamp 5,Ethereum
0xc5b611f502a0dcf6c3188fd494061ae29b2baa4f,Bitstamp 6,Ethereum
0x964771f6df31eea2d927fa71d7bd78e81bcdce05,Bitstamp: Contract 1,Ethereum
0x1b8a38ea02ceda9440e00c1aeba26ee2dc570423,BITStorage,Ethereum
0xfbb1b73c4f0bda4f67dca266ce6ef42f520fbb98,Bittrex,Ethereum
0xe94b04a0fed112f3664e45adb2b8915693dd5ff3,Bittrex 2,Ethereum
0x66f820a414680b5bcda5eeca5dea238543f42054,Bittrex 3,Ethereum
0xaa90b4aae74cee41e004bc45e45a427406c4dcae,BitUN.io 1,Ethereum
0xf8d04a720520d0bcbc722b1d21ca194aa22699f2,BitUN.io 2,Ethereum
0xfb9f7f41319157ac5c5dccae308a63a4337ad5d9,Bity.com,Ethereum
0x00cdc153aa8894d08207719fe921fff964f28ba3,Bitzlato,Ethereum
0x25eaff5b179f209cf186b1cdcbfa463a69df4c45,Blockfolio,Ethereum
0x007174732705604bbbf77038332dc52fd5a5000c,BlockTrades Exchange,Ethereum
0xdf8752caa319668006580ddf48db25a23728b926,Bololex.com,Ethereum
0x1c00d840ccaa67c494109f46e55cfeb2d8562f5c,BTC-Alpha Exchange,Ethereum
0x73957709695e73fd175582105c44743cf0fb6f2f,Bw.com,Ethereum
0xd7c866d0d536937bf9123e02f7c052446588189f,C2CX: Hot Wallet,Ethereum
0x88988d6ef12d7084e34814b9edafa01ae0d05082,CamboChanger 2,Ethereum
0x72bcfa6932feacd91cb2ea44b0731ed8ae04d0d3,Cashierest,Ethereum
0x7a56f645dcb513d0326cbaa048e9106ff6d4cd5f,Catex Exchange,Ethereum
0xfd648cc72f1b4e71cbdda7a0a91fe34d32abd656,ChainX,Ethereum
0x96fc4553a00c117c5b0bed950dd625d1c16dc894,Changelly,Ethereum
0x8958618332df62af93053cb9c535e26462c959b0,Cobinhood 1,Ethereum
0xb726da4fbdc3e4dbda97bb20998cf899b0e727e0,Cobinhood 2,Ethereum
0x71660c4005ba85c37ccec55d0c4493e66fe775d3,Coinbase 1,Ethereum
0x503828976d22510aad0201ac7ec88293211d23da,Coinbase 2,Ethereum
0xddfabcdc4d8ffc6d5beaf154f18b778f892a0740,Coinbase 3,Ethereum
0x3cd751e6b0078be393132286c442345e5dc49699,Coinbase 4,Ethereum
0xb5d85cbf7cb3ee0d56b3bb207d5fc4b82f43f511,Coinbase 5,Ethereum
0xeb2629a2734e272bcc07bda959863f316f4bd4cf,Coinbase 6,Ethereum
0x9539e0b14021a43cde41d9d45dc34969be9c7cb0,Coinbene,Ethereum
0x33683b94334eebc9bd3ea85ddbda4a86fb461405,Coinbene: Cold Wallet,Ethereum
0xb6ba1931e4e74fd080587688f6db10e830f810d5,Coindelta,Ethereum
0xbf1a97d8d4229d61b031214d5bbe9a5cb1e737f9,CoinDhan,Ethereum
0xb9ee1e551f538a464e8f8c41e9904498505b49b0,Coinex,Ethereum
0x33ddd548fe3a082d753e5fe721a26e1ab43e3598,Coinex 2,Ethereum
0x4b01721f0244e7c5b5f63c20942850e447f5a5ee,CoinExchange.io,Ethereum
0xd4bddf5e3d0435d7a6214a0b949c7bb58621f37c,Coinhako,Ethereum
0xa270f3ad1a7a82e6a3157f12a900f1e25bc4fbfd,CoinMetro Exchange,Ethereum
0x167a9333bf582556f35bd4d16a7e80e191aa6476,Coinone,Ethereum
0x1e2fcfd26d36183f1a5d90f0e6296915b02bcb40,Coinone 2,Ethereum
0xd0808da05cc71a9f308d330bc9c5c81bbc26fc59,Coinswitch,Ethereum
0x8705ccfd8a6df3785217c307cbebf9b793310b94,CoinW,Ethereum
0xcb243bf48fb443082fae7db47ec96cb120cd6801,CoinW 2,Ethereum
0x429bf8ec3330e02401d72beade86000d9a2e19eb,CoinW 3,Ethereum
0x6f31d347457962c9811ff953742870ef5a755de3,CoinW 4,Ethereum
0x0d6b5a54f940bf3d52e438cab785981aaefdf40c,COSS.io 1,Ethereum
0xd1560b3984b7481cd9a8f40435a53c860187174d,COSS.io: Old Warm Wallet,Ethereum
0x43f07efe28e092a0fe4ec5b5662022b461ffac80,COSS.io: Warm Wallet,Ethereum
0x521db06bf657ed1d6c98553a70319a8ddbac75a3,CREX24,Ethereum
0x6262998ced04146fa42253a5c0af90ca02dfd2a3,Crypto.com,Ethereum
0x46340b20830761efd32832a74d7169b29feb9758,Crypto.com 2,Ethereum
0x5baeac0a0417a05733884852aa068b706967e790,Cryptopia 1,Ethereum
0x2984581ece53a4390d1f568673cf693139c97049,Cryptopia 2,Ethereum
0xe17ee7b3c676701c66b395a35f0df4c2276a344e,DigiFinex,Ethereum
0x2101e480e22c953b37b9d0fe6551c1354fe705e6,DMEX,Ethereum
0xf1c525a488a848b58b95d79da48c21ce434290f7,Eidoo,Ethereum
0x608f94df1c1d89ea13e5984d7bf107df137a6541,Eigen Fx,Ethereum
0xeb9ebf2c624ebee42e0853da6443ddc6c8020de7,Eigen Fx 2,Ethereum
0x8d76166c22658a144c0211d87abf152e6a2d9d95,Eterbase,Ethereum
0xd3808c5d48903be1490989f3fce2a2b3890e8eb6,Exchange A,Ethereum
0x1fd6267f0d86f62d88172b998390afee2a1f54b6,Exmo 1,Ethereum
0xd7b9a9b2f665849c4071ad5af77d8c76aa30fb32,Exmo 2,Ethereum
0x94fe3ad91dacba8ec4b82f56ff7c122181f1535d,Faa.st,Ethereum
0x915d7915f2b469bb654a7d903a5d4417cb8ea7df,FCoin,Ethereum
0x4e5b2e1dc63f6b91cb6cd759936495434c7e972f,FixedFloat,Ethereum
0x14301566b9669b672878d86ff0b1d18dd58054e9,Flata.Exchange,Ethereum
0x91e18ee76483fa2ec5cfe2959df46673c2565be0,Flybit,Ethereum
0x0021845f4c2604c58f9ba5b7bff58d16a2ab372c,Folgory Exchange,Ethereum
0x2faf487a4414fe77e2327f0bf4ae2a264a776ad2,FTX Exchange,Ethereum
0xc098b2a3aa256d2140208c3de6543aaef5cd3a94,FTX Exchange 2,Ethereum
0x0d0707963952f2fba59dd06f2b425ace40b492fe,Gate.io,Ethereum
0x7793cd85c11a924478d358d49b05b37e91b5810f,Gate.io 2,Ethereum
0x1c4b70a3968436b9a0a9cf5205c787eb81bb558c,Gate.io 3,Ethereum
0xd793281182a0e3e023116004778f45c29fc14f19,Gate.io: Contract,Ethereum
0x9f5ca0012b9b72e8f3db57092a6f26bf4f13dc69,GBX,Ethereum
0xd24400ae8bfebb18ca49be86258a3c749cf46853,Gemini,Ethereum
0x6fc82a5fe25a5cdb58bc74600a40a69c065263f8,Gemini 2,Ethereum
0x61edcdf5bb737adffe5043706e7c5bb1f1a56eea,Gemini 3,Ethereum
0x5f65f7b609678448494de4c87521cdf6cef1e932,Gemini 4,Ethereum
0xb302bfe9c246c6e150af70b1caaa5e3df60dac05,Gemini 5,Ethereum
0x8d6f396d210d385033b348bcae9e4f9ea4e045bd,Gemini 6,Ethereum
0xd69b0089d9ca950640f5dc9931a41a5965f00303,Gemini 7,Ethereum
0x07ee55aa48bb72dcc6e9d78256648910de513eca,Gemini: Contract 1,Ethereum
0x9fb01a2584aac5aae3fab1ed25f86c5269b32999,GGBTC.com,Ethereum
0x9c67e141c0472115aa1b98bd0088418be68fd249,HitBTC 1,Ethereum
0x59a5208b32e627891c389ebafc644145224006e8,HitBTC 2,Ethereum
0xa12431d0b9db640034b0cdfceef9cce161e62be4,HitBTC 3,Ethereum
0x980a4732c8855ffc8112e6746bd62095b4c2228f,Hoo.com,Ethereum
0xd0ec209ad2134899148bec8aef905a6e9997456a,Hoo.com 2,Ethereum
0x993b7fcba51d8f75c2dfaec0d17b6649ee0c9068,Hoo.com 3,Ethereum
0xec293b9c56f06c8f71392269313d7e2da681d9ac,Hoo.com 4,Ethereum
0x0093e5f2a850268c0ca3093c7ea53731296487eb,Hoo.com 5,Ethereum
0x008932be50098089c6a075d35f4b5182ee549f8a,Hoo.com 6,Ethereum
0x274f3c32c90517975e29dfc209a23f315c1e5fc7,Hotbit,Ethereum
0x8533a0bd9310eb63e7cc8e1116c18a3d67b1976a,Hotbit 2,Ethereum
0x562680a4dc50ed2f14d75bf31f494cfe0b8d10a1,Hotbit 3,Ethereum
0xab5c66752a9e8167967685f1450532fb96d5d24f,Huobi 1,Ethereum
0xe93381fb4c4f14bda253907b18fad305d799241a,Huobi 10,Ethereum
0xfa4b5be3f2f84f56703c42eb22142744e95a2c58,Huobi 11,Ethereum
0x46705dfff24256421a05d056c29e81bdc09723b8,Huobi 12,Ethereum
0x32598293906b5b17c27d657db3ad2c9b3f3e4265,Huobi 13,Ethereum
0x5861b8446a2f6e19a067874c133f04c578928727,Huobi 14,Ethereum
0x926fc576b7facf6ae2d08ee2d4734c134a743988,Huobi 15,Ethereum
0xeec606a66edb6f497662ea31b5eb1610da87ab5f,Huobi 16,Ethereum
0x7ef35bb398e0416b81b019fea395219b65c52164,Huobi 17,Ethereum
0x229b5c097f9b35009ca1321ad2034d4b3d5070f6,Huobi 18,Ethereum
0xd8a83b72377476d0a66683cde20a8aad0b628713,Huobi 19,Ethereum
0x6748f50f686bfbca6fe8ad62b22228b87f31ff2b,Huobi 2,Ethereum
0x90e9ddd9d8d5ae4e3763d0cf856c97594dea7325,Huobi 20,Ethereum
0x18916e1a2933cb349145a280473a5de8eb6630cb,Huobi 21,Ethereum
0x6f48a3e70f0251d1e83a989e62aaa2281a6d5380,Huobi 22,Ethereum
0xf056f435ba0cc4fcd2f1b17e3766549ffc404b94,Huobi 23,Ethereum
0x137ad9c4777e1d36e4b605e745e8f37b2b62e9c5,Huobi 24,Ethereum
0x5401dbf7da53e1c9dbf484e3d69505815f2f5e6e,Huobi 25,Ethereum
0x034f854b44d28e26386c1bc37ff9b20c6380b00d,Huobi 26,Ethereum
0x0577a79cfc63bbc0df38833ff4c4a3bf2095b404,Huobi 27,Ethereum
0x0c6c34cdd915845376fb5407e0895196c9dd4eec,Huobi 28,Ethereum
0x794d28ac31bcb136294761a556b68d2634094153,Huobi 29,Ethereum
0xfdb16996831753d5331ff813c29a93c76834a0ad,Huobi 3,Ethereum
0xfd54078badd5653571726c3370afb127351a6f26,Huobi 30,Ethereum
0xb4cd0386d2db86f30c1a11c2b8c4f4185c1dade9,Huobi 31,Ethereum
0x4d77a1144dc74f26838b69391a6d3b1e403d0990,Huobi 32,Ethereum
0x28ffe35688ffffd0659aee2e34778b0ae4e193ad,Huobi 33,Ethereum
0xcac725bef4f114f728cbcfd744a731c2a463c3fc,Huobi 34,Ethereum
0x73f8fc2e74302eb2efda125a326655acf0dc2d1b,Huobi 35,Ethereum
0x0a98fb70939162725ae66e626fe4b52cff62c2e5,Huobi 36,Ethereum
0xf66852bc122fd40bfecc63cd48217e88bda12109,Huobi 37,Ethereum
0x49517ca7b7a50f592886d4c74175f4c07d460a70,Huobi 38,Ethereum
0x58c2cb4a6bee98c309215d0d2a38d7f8aa71211c,Huobi 39,Ethereum
0xeee28d484628d41a82d01e21d12e2e78d69920da,Huobi 4,Ethereum
0x5c985e89dde482efe97ea9f1950ad149eb73829b,Huobi 5,Ethereum
0xdc76cd25977e0a5ae17155770273ad58648900d3,Huobi 6,Ethereum
0xadb2b42f6bd96f5c65920b9ac88619dce4166f94,Huobi 7,Ethereum
0xa8660c8ffd6d578f657b72c0c811284aef0b735e,Huobi 8,Ethereum
0x1062a747393198f70f71ec65a582423dba7e5ab3,Huobi 9,Ethereum
0x3c11c3025ce387d76c2eddf1493ec55a8cc2a0f7,Idax.global,Ethereum
0x51836a753e344257b361519e948ffcaf5fb8d521,Indodax 1,Ethereum
0x9cbadd5ce7e14742f70414a6dcbd4e7bb8712719,Indodax 2,Ethereum
0xb1a34309af7f29b4195a6b589737f86e14597ddc,IndoEx LTD,Ethereum
0x352bdabe484499e4c25c3536cc3eda1edbc5ad29,KickEX,Ethereum
0x2910543af39aba0cd09dbb2d50200b3e800a63d2,Kraken,Ethereum
0xae2d4617c862309a3d75a0ffb358c7a5009c673f,Kraken 10,Ethereum
0x43984d578803891dfa9706bdeee6078d80cfc79e,Kraken 11,Ethereum
0x66c57bf505a85a74609d2c83e94aabb26d691e1f,Kraken 12,Ethereum
0xda9dfa130df4de4673b89022ee50ff26f6ea73cf,Kraken 13,Ethereum
0x0a869d79a7052c7f1b55a8ebabbea3420f0d1e13,Kraken 2,Ethereum
0xe853c56864a2ebe4576a807d26fdc4a0ada51919,Kraken 3,Ethereum
0x267be1c1d684f78cb4f6a176c4911b741e4ffdc0,Kraken 4,Ethereum
0xfa52274dd61e1643d2205169732f29114bc240b3,Kraken 5,Ethereum
0x89e51fa8ca5d66cd220baed62ed01e8951aa7c40,Kraken 7,Ethereum
0xc6bed363b30df7f35b601a5547fe56cd31ec63da,Kraken 8,Ethereum
0x29728d0efd284d85187362faa2d4d76c2cfc2612,Kraken 9,Ethereum
0xe8a0e282e6a3e8023465accd47fae39dd5db010b,Kryptono 1,Ethereum
0x629a7144235259336ea2694167f3c8b856edd7dc,Kryptono 2,Ethereum
0x30b71d015f60e2f959743038ce0aaec9b4c1ea44,Kryptono 3,Ethereum
0x2b5634c42055806a59e9107ed44d43c426e58258,KuCoin,Ethereum
0x689c56aef474df92d44a1b70850f808488f9769c,KuCoin 2,Ethereum
0xa1d8d972560c2f8144af871db508f0b0b10a3fbf,KuCoin 3,Ethereum
0x4ad64983349c49defe8d7a4686202d24b25d0ce8,KuCoin 4,Ethereum
0x1692e170361cefd1eb7240ec13d048fd9af6d667,KuCoin 5,Ethereum
0xd6216fc19db775df9774a6e33526131da7d19a2c,KuCoin 6,Ethereum
0xe59cd29be3be4461d79c0881d238cbe87d64595a,Kucoin 7,Ethereum
0x899b5d52671830f567bf43a14684eb14e1f945fe,KuCoin 8,Ethereum
0xf16e9b0d03470827a95cdfd0cb8a8a3b46969b91,KuCoin 9,Ethereum
0xea81ce54a0afa10a027f65503bd52fba83d745b8,Kuna.io,Ethereum
0x77ab999d1e9f152156b4411e1f3e2a42dab8cd6d,Kuna.io 2,Ethereum
0x0861fca546225fbf8806986d211c8398f7457734,LAToken,Ethereum
0x7891b20c690605f4e370d6944c8a5dbfac5a451c,LAToken 2,Ethereum
0x1b6c1a0e20af81b922cb454c3e52408496ee7201,LAToken 3,Ethereum
0x8271b2e8cbe29396e9563229030c89679b9470db,Liqui.io 1,Ethereum
0x5e575279bf9f4acf0a130c186861454247394c06,Liqui.io 2,Ethereum
0xedbb72e6b3cf66a792bff7faac5ea769fe810517,Liquid 1,Ethereum
0xdf4b6fb700c428476bd3c02e6fa83e110741145b,Liquid 2,Ethereum
0xdb2cad4f306b47c9b35541988c7656f1bb092e15,Liquid 3,Ethereum
0x9cc2dce817093ceea82bb67a4cf43131fa354c06,Liquid 4,Ethereum
0x243bec9256c9a3469da22103891465b47583d9f1,Livecoin.net,Ethereum
0xaf1931c20ee0c11bea17a41bfbbad299b2763bc0,Luno 1,Ethereum
0x416299aade6443e6f6e8ab67126e65a7f606eef5,Luno 2,Ethereum
0x477b8d5ef7c2c42db84deb555419cd817c336b6f,MaiCoin 1,Ethereum
0xe03c23519e18d64f144d2800e30e81b0065c48b5,Mercatox,Ethereum
0x3cc936b795a188f0e246cbb2d74c5bd190aecf18,Mexc.com 3,Ethereum
0x75e89d5979e4f6fba9f97c104c2f0afb3f1dcb88,MEXC: Mexc.com,Ethereum
0x0211f3cedbef3143223d3acf0e589747933e8527,MEXC: Mexc.com 2,Ethereum
0xac338d9faac562df26d702880c796e1024e2698a,MinedTrade.com,Ethereum
0xae7006588d03bd15d6954e3084a7e644596bc251,NEXBIT Pro,Ethereum
0x6cc5f688a315f3dc28a7781717a9a798a59fda7b,OKEx,Ethereum
0x236f9f97e0e62388479bf9e5ba4889e46b0273c3,OKEx 2,Ethereum
0xa7efae728d2936e78bda97dc267687568dd593f3,OKEx 3,Ethereum
0x2c8fbb630289363ac80705a1a61273f76fd5a161,OKEx 4,Ethereum
0x59fae149a8f8ec74d5bc038f8b76d25b136b9573,OKEx 5,Ethereum
0x98ec059dc3adfbdd63429454aeb0c990fba4a128,OKEx 6,Ethereum
0x5041ed759dd4afc3a72b8192c143f72f4724081a,OKEx 7,Ethereum
0x03e3ff995863828554282e80870b489cc31dc8bc,OMGFIN Exchange,Ethereum
0xaeec6f5aca72f3a005af1b3420ab8c8c7009bac8,OTCBTC,Ethereum
0xcacc694840ecebadd9b4c419e5b7f1d73fedf999,Panda.Exchange 1: Hot Wallet,Ethereum
0xb709d82f0706476457ae6bad7c3534fbf424382c,Panda.Exchange 2: Hot Wallet,Ethereum
0xbd8ef191caa1571e8ad4619ae894e07a75de0c35,Paribu 1,Ethereum
0x2bb97b6cf6ffe53576032c11711d59bd056830ee,Paribu 2,Ethereum
0xfb90501083a3b6af766c8da35d3dde01eb0d2a68,Paribu 3,Ethereum
0xabc74170f3cb8ab352820c39cc1d1e05ce9e41d3,Paribu 4,Ethereum
0x9acbb72cf67103a30333a32cd203459c6a9c3311,Paribu 5,Ethereum
0xd4dcd2459bb78d7a645aa7e196857d421b10d93f,Peatio,Ethereum
0x32be343b94f860124dc4fee278fdcbd38c102d88,Poloniex,Ethereum
0x209c4784ab1e8183cf58ca33cb740efbf3fc18ef,Poloniex 2,Ethereum
0xb794f5ea0ba39494ce839613fffba74279579268,Poloniex 3,Ethereum
0xa910f92acdaf488fa6ef02174fb86208ad7722ba,Poloniex 4,Ethereum
0xaa9fa73dfe17ecaa2c89b39f0bb2779613c5fc3b,Poloniex: BAT,Ethereum
0x2fa2bc2ce6a4f92952921a4caa46b3727d24a1ec,Poloniex: BNT,Ethereum
0x31a2feb9b5d3b5f4e76c71d6c92fc46ebb3cb1c1,Poloniex: CVC,Ethereum
0x6b71834d65c5c4d8ed158d54b47e6ea4ff4e5437,Poloniex: FOAM,Ethereum
0x48d466b7c0d32b61e8a82cd2bcf060f7c3f966df,Poloniex: GNO,Ethereum
0x0536806df512d6cdde913cf95c9886f65b1d3462,Poloniex: GNT,Ethereum
0x8d451ae5ee8f557a9ce7a9d7be8a8cb40002d5cb,Poloniex: KNC,Ethereum
0xbd2ec7c608a06fe975dbdca729e84dedb34ecc21,Poloniex: LOOM,Ethereum
0xc0e30823e5e628df8bc9bf2636a347e1512f0ecb,Poloniex: MANA,Ethereum
0x65f9b2e4d7aaeb40ffea8c6f5844d5ad7da257e0,Poloniex: NXC,Ethereum
0x36b01066b7fa4a0fdb2968ea0256c848e9135674,Poloniex: OMG,Ethereum
0xab11204cfeaccffa63c2d23aef2ea9accdb0a0d5,Poloniex: REP,Ethereum
0x6795cf8eb25585eadc356ae32ac6641016c550f2,Poloniex: SNT,Ethereum
0xfbf2173154f7625713be22e0504404ebfe021eae,Poloniex: STORJ,Ethereum
0x6f803466bcd17f44fa18975bf7c509ba64bf3825,Poloniex: USDC,Ethereum
0xead6be34ce315940264519f250d8160f369fa5cd,Poloniex: ZRX,Ethereum
0xd344539efe31f8b6de983a0cab4fb721fc69c547,QuantaEx 1,Ethereum
0x5ca39c42f4dee3a5ba8fec3ad4902157d48700bf,QuantaEx 2,Ethereum
0x2a048d9a8ffdd239f063b09854976c3049ae659c,QuantaEx 3,Ethereum
0xb8cf411b956b3f9013c1d0ac8c909b086218207c,Remitano 1,Ethereum
0x2819c144d5946404c0516b6f817a960db37d4929,Remitano 2,Ethereum
0x120a270bbc009644e35f0bb6ab13f95b8199c4ad,ShapeShift 1,Ethereum
0x9e6316f44baeeee5d41a1070516cc5fa47baf227,ShapeShift 2,Ethereum
0x70faa28a6b8d6829a4b1e649d26ec9a2a39ba413,ShapeShift 3,Ethereum
0x563b377a956c80d77a7c613a9343699ad6123911,ShapeShift 4,Ethereum
0xd3273eba07248020bf98a8b560ec1576a612102f,ShapeShift 5,Ethereum
0x3b0bc51ab9de1e5b7b6e34e5b960285805c41736,ShapeShift 6,Ethereum
0xeed16856d551569d134530ee3967ec79995e2051,ShapeShift 7,Ethereum
0x324cc2c9fb379ea7a0d1c0862c3b48ca28d174a4,SouthXchange,Ethereum
0x91f6d99b232153cb655ad3e0d05e13ef505f6cd5,Sparrow Exchange 1,Ethereum
0xe855283086fbee485aecf2084345a91424c23954,Sparrow Exchange 2,Ethereum
0x9bf25700727d10a857099d1033ce2cc493c3b61a,Streamity: StreamDesk,Ethereum
0xa96b536eef496e21f5432fd258b6f78cf3673f74,Switchain,Ethereum
0xea3a46bd1dbd0620d80037f70d0bf7c7dc5a837c,TAGZ 1,Ethereum
0xed8204345a0cf4639d2db61a4877128fe5cf7599,TAGZ 2,Ethereum
0x3613ef1125a078ef96ffc898c4ec28d73c5b8c52,Tidex 1,Ethereum
0x0a73573cf2903d2d8305b1ecb9e9730186a312ae,Tidex 2,Ethereum
0x0068eb681ec52dbd9944517d785727310b494575,Tokocrypto,Ethereum
0xb2cc3cdd53fc9a1aeaf3a68edeba2736238ddc5d,TopBTC,Ethereum
0x1119aaefb02bf12b84d28a5d8ea48ec3c90ef1db,Trade.io,Ethereum
0x2f1233ec3a4930fd95874291db7da9e90dfb2f03,Uex,Ethereum
0x390de26d772d2e2005c6d1d24afc902bae37a4bb,Upbit,Ethereum
0xba826fec90cefdf6706858e5fbafcb27a290fbe0,Upbit 2,Ethereum
0x5e032243d507c743b061ef021e2ec7fcc6d3ab89,Upbit 3,Ethereum
0xb436c96c6de1f50a160ed307317c275424dbe4f2,Vinex,Ethereum
0x39f6a6c85d39d5abad8a398310c52e7c374f2ba3,WhiteBIT,Ethereum
0x0e5069514a3dd613350bab01b58fd850058e5ca4,Wintermute,Ethereum
0xefda0cb780a8564903285ed25df3cc024f3b2982,XT.com Hot Wallet,Ethereum
0xf5bec430576ff1b82e44ddb5a1c93f6f9d0884f3,Yobit.net,Ethereum
0xd94c9ff168dc6aebf9b6cc86deff54f3fb0afc33,Yunbi 1,Ethereum
0x42da8a05cb7ed9a43572b5ba1b8f82a0a6e263dc,Yunbi 2,Ethereum
0x700f6912e5753e91ea3fae877a2374a2db1245d7,Yunbi 3,Ethereum
0x60d0cc2ae15859f69bf74dadb8ae3bd58434976b,ZB.com,Ethereum
0x34ea4138580435b5a521e460035edb19df1938c1,Binance US 2
0xf326e4de8f66a0bdc0970b79e0924e33c79f1915,MetaMask: DS Proxy
0xa40dfee99e1c85dc97fdc594b16a460717838703,Kraken: Eth2 Depositor
0xc365c3315cf926351ccaf13fa7d19c8c4058c8e1,Binance Pool
0x8d12a197cb00d4747a1fe03395095ce2a5cc6819,EtherDelta 2
0xf9fb1c508ff49f78b60d3a96dea99fa5d7f3a8a6,Harmony: ETH Bridge
0x6a164122d5cf7c840d26e829b46dcc4ed6c0ae48,CoinDash: Token Sale
0x519b70055af55a007110b4ff99b0ea33071c720a,DXdao
0xb47e3cd837ddf8e4c57f05d70ab865de6e193bbb,CryptoPunks: Ï¾ Token
0x686e5ac50d9236a9b7406791256e47feddb26aba,Metronome: Autonomous Converter
0xafad9352eb6bcd085dd68268d353d0ed2571af89,bZx PrivKey Exploiter 5
0x10c6b61dbf44a083aec3780acf769c77be747e23,Anyswap: Moonriver Bridge
0x6dd5a9f47cfbc44c04a0a4452f0ba792ebfbcc9a,Santiment: Wallet 2
0x4f6742badb049791cd9a37ea913f2bac38d01279,Celsius Network: Wallet 5
0x88e343f4599292c2cffe683c1bb93cd3480bdbab,PXN: Cold Wallet
0x99f4176ee457afedffcb1839c7ab7a030a5e4a92,Synthetix: Treasury Council
0x2a549b4af9ec39b03142da6dc32221fc390b5533,BlockFi 3
0x1ad91ee08f21be3de0ba2ba6918e714da6b45836,Hiveon Pool
0x9d217bcbd0bfae4d7f8f12c7702108d162e3ab79,Bloom: MultiSig
0x681ea99a65e6f392f0f5276af396ae8cad140e6d,Impact Theory Founder's Key: Deployer
0x24c3235558572cff8054b5a419251d3b0d43e91b,Etheroll: MultiSig 1
0x3e5dcce17765928400ee4a4b8905e1dd9f42a00f,Savedroid: Wallet
0xf60c2ea62edbfe808163751dd0d8693dcb30019c,Binance US 3
0x03e4b00b607d0980668ca6e50201576b00000000,imbrex: Wallet
0xf4b00c937b4ec4bb5ac051c3c719036c668a31ec,Secret Network: Bridge
0x0000006daea1723962647b7e189d311d757fb793,Wintermute 1
0x67df244584b67e8c51b10ad610aaffa9a402fdb6,Foundation: Treasury
0x829bd824b016326a401d083b33d092293333a830,F2Pool Old
0x6d903f6003cca6255d85cca4d3b5e5146dc33925,Compound: Timelock
0x260ee8f2b0c167e0cd6119b2df923fd061dc1093,YouHodler
0xabea9132b05a70803a4e85094fd0e1800777fbef,zkSync
0xf20b338752976878754518183873602902360704,F2Pool
0x2daa35962a6d43eb54c48367b33d0b379c930e5e,Miner: 0x2Da...E5e
0x5b3256965e7c3cf26e11fcaf296dfc8807c01073,OpenSea: Wallet
0xab3b229eb4bcff881275e7ea2f0fd24eeac8c83a,Miner: 0xab3...83a
0xf5c9f957705bea56a7e806943f98f7777b995826,Sorare: L2 Bridge
0x8f03f1a3f10c05e7cccf75c1fd10168e06659be7,Miner: 0x8f0...be7
0xb3b7874f13387d44a3398d298b075b7a3505d8d4,Babel Pool
0x47ce0c6ed5b0ce3d3a51fdb1c52dc66a7c3c2936,Tornado.Cash: 1 ETH
0x5fdcca53617f4d2b9134b29090c87d01058e27e9,Immutable X: Bridge
0x13000c4a215efe7e414bb329b2f11c39bcf92d78,BiFi Finance: ETH Wallet
0x7f101fe45e6649a6fb8f3f8b43ed03d353f2b90c,Flexpool.io
0x52bc44d5378309ee2abf1539bf71de1b7d7be3b5,Nanopool
0xcd458d7f11023556cc9058f729831a038cb8df9c,Miner: 0xcd4...f9c
0x70747df6ac244979a2ae9ca1e1a82899d02bbea4,Cream Finance Flash Loan Exploiter 3
0x921760e71fb58dcc8de902ce81453e9e3d7fe253,Cream Finance Flash Loan Exploiter 2
0x9a67f1940164d0318612b497e8e6038f902a00a4,KeeperDAO: Treasury
0x00192fb10df37c9fb26829eb2cc623cd1bf599e8,2Miners: PPLNS
0x283af0b28c62c092c9727f1ee09c02ca627eb7f5,ENS: ETH Registrar Controller
0x68c4b7d05fae45bcb6192bb93e246c77e98360e1,Metronome: Proceeds
0xecf8f87f810ecf450940c9f60066b4a7a501d6a7,WETH: Old Contract
0xa03d3611b34c3c49dbcb8206ed08fe6467f684a5,SwissBorg 2
0xb8689b7910954bf73431f63482d7dd155537ea7e,Dopex: Multisig
0x6a159503e49ddb8e49659d6cacf5236ac4213d86,BitDAO: ByBit Contribution
0x5d22045daceab03b158031ecb7d9d06fad24609b,DeversiFi 2
0x5c8344bcdc38f1ab5eb5c1d4a35ddeea522b5dfa,Synthetix: Collateral Eth
0xb3775fb83f7d12a36e0475abdd1fca35c091efbe,PowH3D
0x1cf0df2a5a20cd61d68d4489eebbf85b8d39e18a,Rarible: Treasury
0x15c19e6c203e2c34d1edfb26626bfc4f65ef96f0,Aeternity: Wallet
0x12ec5befa9166fa327d4c345a93f0ac99dd2a7d8,Blox Staking: Eth2 Depositor
0x2a20380dca5bc24d052acfbf79ba23e988ad0050,Miner: 0x2a2...050
0xde21f729137c5af1b01d73af1dc21effa2b8a0d6,Gitcoin: MultiSig
0x91b9d2835ad914bc1dcfe09bd1816febd04fd689,GU: Capped Vault
0xa86a60d53e6f474e049be54824551bb99f05adee,Etheroll: MultiSig 2
0x7c4b4bb0bb0fadbcb1c54ed55a3b4f1d456726c6,Bee Token: MultiSig
0xa1d65e8fb6e87b60feccbc582f7f97804b725521,DXDao: DXD Token
0xea674fdde714fd979de3edf0f56aa9716b898ec8,Ethermine
0xc253cbc67556e797fdb750a031d5e6208c423ad5,Guild of Guardians: Pre Sale
0x6ca33486eed915816560630b883a047c4e2b92df,Fake: Metadium Presale
0x860a80d33e85e97888f1f0c75c6e5bbd60b48da9,SuperRare: Treasury
0x3ecef08d0e2dad803847e052249bb4f8bff2d5bb,MiningPoolHub
0x27a94869341838d5783368a8503fda5fbcd7987c,WePiggy: pETH Token
0xf7d58e6720696b8f46dc9270443d8beaeb8d9775,LinkerCoin: Wallet
0xd52306eabc2be4e2dc8fbd1f929ac73008430f3f,LUKSO: MultiSig
0x45a36a8e118c37e4c47ef4ab827a7c9e579e11e2,AntPool 2
0x91e9a131446ab538d30746c79d43908faef3f289,Celsius Network: Wallet 9
0x67b66c99d3eb37fa76aa3ed1ff33e8e39f0b9c7a,Alpha Finance Lab: ibETH Token
0x0f564a2a5fde73349890e86e9b2aa1639994bf2f,Storj: MultiSig 1
0x65b0bf8ee4947edd2a500d74e50a3d757dc79de0,Nexo: WBTC Merchant Deposit Address
0x691e3cbb2a8f504fc650f21c9af6226051340559,SwissBorg 1
0x0708f87a089a91c65d48721aa941084648562287,Miner: 0x070...287
0xeea5b82b61424df8020f5fedd81767f2d0d25bfb,BTC.com Pool
0x90982a6db6caa3ee2ed1a32428abbe1256344962,Bitlo Cold Wallet 1
0xdc1664458d2f0b6090bea60a8793a4e66c2f1c00,OMG: Boba Gateway
0x1f52453b32bfab737247114d56d756a6c37dd9ef,Alkemi Network: WETH Token
0x8a2b212ca369f4893f298dd0c4aebe0e75c8396e,Dogs Of Elon: Deployer
0x95e525f434315eab8268fdc0cfd0555eb87a48cc,Fake_Phishing4287
0x8d1f2ebfaccf1136db76fdd1b86f1dede2d23852,CoinList 2
0x3018c81dcb9caa2554d226d5a1a929dd319f085d,Fake_Phishing4582
0x241e82c79452f51fbfc89fac6d912e021db1a3b7,DDEX: Margin
0xb98cdacd006b9d47c37ca63cc86f916ee23fc550,Somnium Space Cubes: Deployer
0xa62142888aba8370742be823c1782d17a0389da1,Fomo3D: Long
0x148426fdc4c8a51b96b4bed827907b5fa6491ad0,bZx Exploiter 1
0xf2401fa52bcaacfdc67fd7f2b8983ddd15092fa9,Fake_Phishing2753
0x04c62019ab478bff5874e7b7d9bc84fcf7e30025,POA Network: MultiSig
0x63c880aab2e8aad1a571d38a70a79b6c4729c468,BitGo: MultiSig
0x737901bea3eeb88459df9ef1be8ff3ae1b42a2ba,Aztec: Private Rollup Bridge
0x6bfccc95791eff58ef484ce37b611f58d07aa729,Moonbeam: Take Flight Round 1
0x9fa8fa61a10ff892e4ebceb7f4e0fc684c2ce0a9,hongcoin
0x595063172c85b1e8ac2fe74fcb6b7dc26844cc2d,Paribu 6
0x7aa4205c85c000e7e58b60ca3384b9573ee6f291,Numerai Founder: Rc
0xd1669ac6044269b59fa12c5822439f609ca54f41,CoinList 1
0x9a2d163ab40f88c625fd475e807bbc3556566f80,SingularX
0x0000000000007f150bd6f54c40a34d7c3d5e9f56,MEV Bot: 0x000...f56
0x0a8eb54b0123778291a3cddd2074c9ce8b2cfae5,NEKO Official: NEKO Token
0xbee9cf658702527b0acb2719c1faa29edc006a92,Strike ETH: sETH Token
0x7ee7ca6e75de79e618e88bdf80d0b1db136b22d0,Switcheo Exchange V2
0x0194512e77d798e4871973d9cb9d7ddfc0ffd801,stakefish: Eth2 Depositor
0x01ca8a0ba4a80d12a8fb6e3655688f57b16608cf,Miner: 0x01C...8cf
0xd5524179cb7ae012f5b642c1d6d700bbaa76b96b,Augur: Delegator
0x51841d9afe10fe55571bdb8f4af1060415003528,Resident Arbitrageur
0x33483d4346a1fd1f843275f92cee8bf8815a77f6,2gether: Vault
0xdaeada3d210d2f45874724beea03c7d4bbd41674,Ribbon Finance: Multisig
0x340d693ed55d7ba167d184ea76ea2fd092a35bdc,Uphold.com
0xe5a04d98538231b0fab9aba60cd73ce4ff3039df,EtherFlip
0x65b49f7aee40347f5a90b714be4ef086f3fe5e2c,SuperRare: Marketplace
0xda4a4626d3e16e094de3225a751aab7128e96526,TheDaoCurator
0x84d34f4f83a87596cd3fb6887cff8f17bf5a7b83,Fund: 0x84D...B83
0x220a9f0dd581cbc58fcfb907de0454cbf3777f76,MCDEX: ETH Perpetual
0x697b4acaa24430f254224eb794d2a85ba1fa1fb8,Inverse Finance: anETH
0x1ce7ae555139c5ef5a57cc8d814a867ee6ee33d8,Token.Store
0x68a99f89e475a078645f4bac491360afe255dff1,India Covid-Crypto Relief Fund
0xaaa1f5fc9617195b5aa7fd1bd989d47f9e8d3f82,ElasticDAO: Proxy
0xc0477799e0688475802f00fb1941d34efb29342b,Moonbeam: Take Flight Round 3
0xe28e72fcf78647adce1f1252f240bbfaebd63bcc,Augur: Token Sale
0xd569d3cce55b71a8a3f3c418c329a66e5f714431,Juicebox: Terminal V1
0xe9778e69a961e64d3cdbb34cf6778281d34667c2,NuCypher: WorkLock